level0,level1,level2
,P31 P17 P131 Q30 Q145,Q16 Q17 P84 Q4022 Q1248784
,P31 P17 P131 Q30 Q145,P31 P175 P136 P264 P155
,P31 P17 P131 Q30 Q145,P105 Q16521 P171 P31 Q7432
,P31 P17 P131 Q30 Q145,P421 P47 Q6655 P131 Q6723
,P31 P17 P131 Q30 Q145,P137 P138 P176 P197 Q11220
,Q5 P31 P27 P106 P735,P166 P108 P463 P607 P69
,Q5 P31 P27 P106 P735,P102 Q82955 P39 P937 P1412
,Q5 P31 P27 P106 P735,P54 P641 P413 Q2736 Q937857
,Q5 P31 P27 P106 P735,P161 P495 P364 Q11424 P136
,Q5 P31 P27 P106 P735,P136 P264 P1303 Q639669 Q488205
,P641 P1344 P31 Q2736 Q542,P460 P282 Q8229 Q101352 P618
,P641 P1344 P31 Q2736 Q542,P279 P400 P136 P31 P404
,P641 P1344 P31 Q2736 Q542,Q83068 Q798747 Q69099 Q68266 Q675641
,P641 P1344 P31 Q2736 Q542,Q980072 Q732548 Q565726 Q565290 Q564762
,P641 P1344 P31 Q2736 Q542,P161 P155 P495 P156 P527
